<?xml version="1.0" encoding="utf-8"?>
<odoo>
    <data>
        <record model="ir.module.module" id="base.module_web_studio">
            <field name="website">https://www.odooai.cn</field>
        </record>

        <record model="ir.module.module" id="base.module_timesheet_grid">
            <field name="website">https://www.odooai.cn</field>
        </record>

        <record model="ir.module.module" id="base.module_accountant">
            <field name="website">https://www.odooai.cn</field>
        </record>

        <record model="ir.module.module" id="base.module_helpdesk">
            <field name="website">https://www.odooai.cn</field>
        </record>

        <record model="ir.module.module" id="base.module_hr_appraisal">
            <field name="website">https://www.odooai.cn</field>
        </record>

        <record model="ir.module.module" id="base.module_marketing_automation">
            <field name="website">https://www.odooai.cn</field>
        </record>

        <record model="ir.module.module" id="base.module_mrp_plm">
            <field name="website">https://www.odooai.cn</field>
        </record>

        <record model="ir.module.module" id="base.module_quality_control">
            <field name="website">https://www.odooai.cn</field>
        </record>

        <record model="ir.module.module" id="base.module_sale_subscription">
            <field name="website">https://www.odooai.cn</field>
        </record>

        <record model="ir.module.module" id="base.module_sign">
            <field name="website">https://www.odooai.cn</field>
        </record>

        <record model="ir.module.module" id="base.module_stock_barcode">
            <field name="website">https://www.odooai.cn</field>
        </record>

        <record model="ir.module.module" id="base.module_voip">
            <field name="website">https://www.odooai.cn</field>
        </record>

        <record model="ir.module.module" id="base.module_mrp_workorder">
            <field name="website">https://www.odooai.cn</field>
        </record>

        <record model="ir.module.module" id="base.module_web_mobile">
            <field name="website">https://www.odooai.cn</field>
        </record>
    </data>
</odoo>
